{"train/loss": 0.1078, "train/learning_rate": 2.7922934437178695e-07, "train/epoch": 2.9, "train/global_step": 63, "_timestamp": 1687781560.8361166, "_runtime": 366.84942746162415, "_step": 6, "train/train_runtime": 368.2991, "train/train_samples_per_second": 2.81, "train/train_steps_per_second": 0.171, "train/total_flos": 1.542113102979072e+16, "train/train_loss": 0.1447757463606577, "_wandb": {"runtime": 365}}