{"train/loss": 0.0581, "train/learning_rate": 2.7922934437178695e-07, "train/epoch": 2.92, "train/global_step": 63, "_timestamp": 1687835571.5565188, "_runtime": 2040.7046828269958, "_step": 6, "train/train_runtime": 2041.9743, "train/train_samples_per_second": 0.507, "train/train_steps_per_second": 0.031, "train/total_flos": 3.209427182227968e+16, "train/train_loss": 0.10132383082121138, "_wandb": {"runtime": 2039}}